{
	"/": [],
	"/admin": [],
	"/admin/carrier": [],
	"/admin/conferences": [],
	"/admin/login": [],
	"/admin/server": [],
	"/agent": [],
	"/agent/calls/history": [],
	"/agent/calls/new": [],
	"/agent/dashboard": [],
	"/agent/login": [],
	"/compagnes/add": [],
	"/compagnes/auto_dial": [],
	"/compagnes/copy": [],
	"/compagnes/detail/[campaign_id]": [],
	"/compagnes/list_mix/show_list_mix": [],
	"/compagnes/pause_code": [],
	"/compagnes/show": [],
	"/compagnes/statues": [],
	"/liste/Filedata": [],
	"/liste/afficherlist": [],
	"/liste/ajouterListe": [],
	"/liste/ajouterprospect": [],
	"/liste/ajouter": [],
	"/liste/chargerprospect": [],
	"/liste/corbeille": [],
	"/liste/details/[list_id]": [],
	"/liste/dnc": [],
	"/liste/fileliste/[id]": [],
	"/liste/list-details/[list_id]": [],
	"/liste/modifier/[id]": [],
	"/liste/prospects": [],
	"/liste/recherchelist": [],
	"/login": [],
	"/phone/afficher": [],
	"/phone/ajouter": [],
	"/phone/copy": [],
	"/phone/detail": [],
	"/rapport/agent_time_detail": [],
	"/rapport/export-calls": [],
	"/rapport/export-leads": [],
	"/rapport/rapport": [],
	"/rapport/timeclock-detail": [],
	"/stats/userStats": [],
	"/userGroupe/afficher": [],
	"/userGroupe/ajouter": [],
	"/userGroupe/bulk_userGroupe": [],
	"/userGroupe/details": [],
	"/users/add": [],
	"/users/copy": [],
	"/users/detail": [],
	"/users/list": [],
	"/users/search": [],
	"/users/stats": []
}