phone_number,genre,last_name,first_name,adress1,city,code,email
646737375,mrs,sylvie,hudelle,6 chemin de halage,houlle,62910,sy.hudelle@laposte.net
646861848,mrs,micheline,locussol,lieu dit les granges,leoville,17500,locussol.micheline@orange.fr
647104838,mrs,isabelle,vallet,14 rue des merlettes, batiment 14 ru,gargenville,78440,isabellevallet784400@gmail.com
648284580,mrs,jocelyne,taton,65 avenue de la turgotine,auxerre,89000,tatonjocelyne@gmail.com
649103164,mr,alain,susini,musella,bonifacio,20169,susini-alain@orange.fr
650076332,mr,alain,rossbacher,15 rue des glycines,trelissac,24750,rossbacher.alain@bbox.fr
619789387,mrs,myriam,goubet,224 chemin des combes, le cyrena batiment a02,antibes,6600,reine.goubet@gmail.com
619790123,mrs,sophie,sanroma,chemin du mas de carles,concots,46260,s.sanroma@orange.fr
619805735,mrs,catherine,legrand,47 rue du docteur lenoel,amiens,80080,cath.6184@hotmail.fr
619837591,mr,denis,jost,1 quartier sainte genevieve,fontoy,57650,denis5714@gmail.com
619840253,mrs,fran√É¬ßoise,passepont,10 allee rene cassin,valence,26000,corsedusud2b@gmail.com
619850562,mrs,eugenie,tran tao,25 rue jean goujon,ecouen,95440,manounoux@gmail.com
619853443,mrs,suzanne,ferullo,38 rue du vallon de montebello,marseille,13006,suzy.13@hotmail.fr
619853897,mrs,christiane,llovet,4 c square de la pauline, 258 bd romain rolland,marseille,13009,llovet8690@gmail.com
619868928,mrs,fatma,bendaoui,33 rue d aguesseau,lille,59800,fatma.bendaoui@gmail.com
619883750,mr,humbert,la,10 a rue de la petite saule,falck,57550,leahumbert57550@icloud.com
619924023,mr,jean pierre,chelet,21 rue de belorsen,sene,56860,jpchelet@sfr.fr
